{"cameraMode":{"drawMode":0,"name":"Shaded","section":"Shading Mode"},"sceneLighting":true,"audioPlay":false,"sceneViewState":{"showFog":true,"showMaterialUpdate":false,"showSkybox":true,"showFlares":true,"showImageEffects":true,"showParticleSystems":true},"in2DMode":false,"pivot":{"x":2.6743316650390627,"y":2.976593017578125,"z":20.585309982299806},"rotation":{"x":0.037492785602808,"y":0.5972011685371399,"z":-0.02799968793988228,"w":0.8007490038871765},"size":16.108572006225587,"orthographic":false}